,Product Name,Brand,Images,Barcode
0,Fresh Veggie Chips,Mountain Peak,,63695477348
1,Natural Dark Chocolate,BlueRiver Foods,,
2,Classic Olive Oil,Sunshine Farms,https://loremflickr.com/400/400/grocery,110221006504
3,Fresh Greek Yogurt,Urban Organics,https://source.unsplash.com/400x400/?grocery,771614924858
4,Traditional Greek Yogurt,Urban Organics,https://loremflickr.com/400/400/grocery,613960678108
5,Natural Olive Oil,PurelyGood,https://loremflickr.com/400/400/grocery,185737506940
6,Fresh Veggie Chips,GreenHarvest,https://loremflickr.com/400/400/grocery,31407819532
7,Gourmet Energy Drink,Urban Organics,,996782535594
8,Wholesome Oatmeal Cookies,Urban Organics,https://source.unsplash.com/400x400/?grocery,911856452196
9,Traditional Granola Bars,Golden Fields,https://loremflickr.com/400/400/grocery,295798622113
10,Organic Protein Powder,Mountain Peak,,
11,Premium Protein Powder,Nature's Touch,https://loremflickr.com/400/400/grocery,250689084244
12,Artisan Olive Oil,Urban Organics,,540405188203
13,Homestyle Olive Oil,Harvest Moon,https://loremflickr.com/400/400/grocery,
14,Fresh Veggie Chips,BlueRiver Foods,,701170528964
15,Natural Greek Yogurt,Golden Fields,https://picsum.photos/400/400,282323224061
16,Gourmet Greek Yogurt,Urban Organics,,896214739550
17,Gourmet Dark Chocolate,PurelyGood,https://picsum.photos/400/400,
18,Homestyle Tomato Sauce,Mountain Peak,,
19,Natural Almond Milk,PurelyGood,https://source.unsplash.com/400x400/?grocery,
20,Artisan Granola Bars,PurelyGood,https://source.unsplash.com/400x400/?grocery,940891656983
21,Organic Granola Bars,PurelyGood,https://picsum.photos/400/400,432219226092
22,Fresh Protein Powder,Sunshine Farms,https://source.unsplash.com/400x400/?grocery,137551165603
23,Fresh Tomato Sauce,Golden Fields,,552631090155
24,Classic Dark Chocolate,PurelyGood,https://source.unsplash.com/400x400/?grocery,
25,Homestyle Tomato Sauce,PurelyGood,https://source.unsplash.com/400x400/?grocery,682882421288
26,Wholesome Dark Chocolate,Happy Valley,https://picsum.photos/400/400,517457095552
27,Fresh Greek Yogurt,GreenHarvest,https://loremflickr.com/400/400/grocery,150769084982
28,Fresh Greek Yogurt,Happy Valley,,886800698574
29,Gourmet Almond Milk,BlueRiver Foods,,683088206750
30,Wholesome Veggie Chips,Happy Valley,,828354811517
31,Traditional Greek Yogurt,Sunshine Farms,https://loremflickr.com/400/400/grocery,
32,Natural Veggie Chips,Sunshine Farms,https://loremflickr.com/400/400/grocery,325159844453
33,Traditional Almond Milk,Happy Valley,https://loremflickr.com/400/400/grocery,421341605622
34,Natural Greek Yogurt,PurelyGood,https://loremflickr.com/400/400/grocery,510602613755
35,Gourmet Granola Bars,BlueRiver Foods,,694741413906
36,Wholesome Greek Yogurt,Sunshine Farms,,434239523556
37,Homestyle Olive Oil,Nature's Touch,https://source.unsplash.com/400x400/?grocery,
38,Gourmet Olive Oil,Happy Valley,https://loremflickr.com/400/400/grocery,733788871963
39,Homestyle Energy Drink,Sunshine Farms,https://picsum.photos/400/400,
40,Artisan Veggie Chips,GreenHarvest,https://loremflickr.com/400/400/grocery,
41,Artisan Greek Yogurt,Golden Fields,https://picsum.photos/400/400,
42,Premium Almond Milk,Happy Valley,,465901997924
43,Classic Dark Chocolate,Harvest Moon,,648346922254
44,Natural Protein Powder,Sunshine Farms,,146176854262
45,Organic Tomato Sauce,GreenHarvest,https://picsum.photos/400/400,
46,Wholesome Granola Bars,GreenHarvest,https://picsum.photos/400/400,379513214559
47,Homestyle Almond Milk,PurelyGood,https://source.unsplash.com/400x400/?grocery,694619221313
48,Fresh Oatmeal Cookies,Harvest Moon,https://loremflickr.com/400/400/grocery,24397848907
49,Fresh Greek Yogurt,Harvest Moon,,923517555055
50,Gourmet Olive Oil,Harvest Moon,https://source.unsplash.com/400x400/?grocery,657186926929
51,Premium Olive Oil,BlueRiver Foods,,428490560085
52,Premium Veggie Chips,Happy Valley,https://loremflickr.com/400/400/grocery,
53,Wholesome Veggie Chips,Urban Organics,https://loremflickr.com/400/400/grocery,250359704011
54,Organic Olive Oil,Mountain Peak,,885484438594
55,Classic Granola Bars,Harvest Moon,https://picsum.photos/400/400,723408732857
56,Fresh Greek Yogurt,PurelyGood,https://loremflickr.com/400/400/grocery,
57,Classic Olive Oil,Happy Valley,https://source.unsplash.com/400x400/?grocery,574726718283
58,Gourmet Oatmeal Cookies,Harvest Moon,,300554423783
59,Natural Granola Bars,GreenHarvest,https://loremflickr.com/400/400/grocery,348571978814
60,Traditional Dark Chocolate,GreenHarvest,,
61,Organic Dark Chocolate,Golden Fields,,751359037753
62,Classic Olive Oil,BlueRiver Foods,https://source.unsplash.com/400x400/?grocery,
63,Classic Tomato Sauce,BlueRiver Foods,https://picsum.photos/400/400,
64,Traditional Dark Chocolate,Happy Valley,,536861946175
65,Homestyle Dark Chocolate,GreenHarvest,https://loremflickr.com/400/400/grocery,
67,Traditional Greek Yogurt,Golden Fields,https://source.unsplash.com/400x400/?grocery,873899179373
68,Gourmet Greek Yogurt,Mountain Peak,,572946446036
69,Homestyle Greek Yogurt,Happy Valley,https://loremflickr.com/400/400/grocery,220947671206
70,Organic Protein Powder,GreenHarvest,https://loremflickr.com/400/400/grocery,819681182722
71,Organic Almond Milk,Nature's Touch,,468890770698
72,Natural Veggie Chips,Mountain Peak,https://picsum.photos/400/400,75350042582
73,Natural Dark Chocolate,Mountain Peak,https://picsum.photos/400/400,27235906023
74,Homestyle Granola Bars,PurelyGood,https://picsum.photos/400/400,
75,Homestyle Granola Bars,BlueRiver Foods,https://source.unsplash.com/400x400/?grocery,231173598458
77,Fresh Tomato Sauce,Harvest Moon,https://loremflickr.com/400/400/grocery,450154714229
78,Traditional Olive Oil,Urban Organics,https://loremflickr.com/400/400/grocery,868005357604
79,Natural Veggie Chips,Urban Organics,https://source.unsplash.com/400x400/?grocery,499782394470
80,Traditional Almond Milk,GreenHarvest,https://loremflickr.com/400/400/grocery,296074267486
81,Natural Oatmeal Cookies,Sunshine Farms,https://source.unsplash.com/400x400/?grocery,131186784437
84,Premium Energy Drink,Golden Fields,https://loremflickr.com/400/400/grocery,756589385037
85,Classic Olive Oil,GreenHarvest,https://picsum.photos/400/400,
86,Organic Oatmeal Cookies,Harvest Moon,,
87,Natural Dark Chocolate,GreenHarvest,,487113963740
88,Fresh Almond Milk,Urban Organics,,
89,Natural Greek Yogurt,Happy Valley,https://loremflickr.com/400/400/grocery,71154859185
90,Artisan Energy Drink,Sunshine Farms,https://loremflickr.com/400/400/grocery,242938496845
91,Fresh Granola Bars,Golden Fields,https://picsum.photos/400/400,635797245269
92,Fresh Granola Bars,GreenHarvest,https://loremflickr.com/400/400/grocery,325013148495
93,Fresh Granola Bars,Harvest Moon,https://loremflickr.com/400/400/grocery,79275028686
95,Premium Energy Drink,Urban Organics,https://source.unsplash.com/400x400/?grocery,
96,Classic Tomato Sauce,Urban Organics,https://picsum.photos/400/400,797094896484
